time;solar;injection;power_limit;delay
2025-07-14 16:10:04;228;30;8.0;-1
2025-07-14 16:10:10;214;-3;9.0;-1
2025-07-14 16:10:15;199;23;9.0;-1
2025-07-14 16:10:20;207;35;8.5;-1
2025-07-14 16:10:25;243;60;7.5;5
2025-07-14 16:10:31;203;20;7.5;-1
2025-07-14 16:10:36;202;16;7.5;-1
2025-07-14 16:10:41;227;39;7.0;-1
2025-07-14 16:10:46;201;17;7.0;-1
2025-07-14 16:10:52;205;19;7.0;-1
2025-07-14 16:10:57;175;-8;8.0;-1
2025-07-14 16:11:02;151;-33;10.0;5
2025-07-14 16:11:07;203;20;10.0;-1
2025-07-14 16:11:12;264;75;9.0;5
2025-07-14 16:11:18;234;29;9.0;-1
2025-07-14 16:11:23;231;45;8.5;-1
2025-07-14 16:11:28;228;45;8.0;-1
2025-07-14 16:11:33;205;22;8.0;-1
2025-07-14 16:11:39;197;13;8.0;-1
2025-07-14 16:11:44;205;-19;9.0;-1
2025-07-14 16:11:49;222;23;9.0;-1
2025-07-14 16:11:54;232;38;8.5;-1
2025-07-14 16:12:00;223;45;8.0;-1
2025-07-14 16:12:05;222;35;7.5;-1
2025-07-14 16:12:10;202;14;7.5;-1
2025-07-14 16:12:20;196;8;7.5;-1
2025-07-14 16:12:26;201;9;7.5;-1
2025-07-14 16:12:31;206;17;7.5;-1
2025-07-14 16:12:36;204;18;7.5;-1
2025-07-14 16:12:41;195;8;7.5;-1
2025-07-14 16:12:46;199;3;7.5;-1
2025-07-14 16:12:51;193;8;7.5;-1
2025-07-14 16:12:57;205;18;7.5;-1
2025-07-14 16:13:02;201;14;7.5;-1
2025-07-14 16:13:07;201;18;7.5;-1
2025-07-14 16:13:12;199;15;7.5;-1
2025-07-14 16:13:17;202;19;7.5;-1
2025-07-14 16:13:23;202;20;7.5;-1
2025-07-14 16:13:28;215;32;7.0;-1
2025-07-14 16:13:33;183;3;7.0;-1
2025-07-14 16:13:38;175;-6;8.0;-1
2025-07-14 16:13:44;192;9;8.0;-1
2025-07-14 16:13:49;194;13;8.0;-1
2025-07-14 16:13:54;204;21;8.0;-1
2025-07-14 16:13:59;202;20;8.0;-1
2025-07-14 16:14:04;204;24;8.0;-1
2025-07-14 16:14:09;200;19;8.0;-1
2025-07-14 16:14:14;203;20;8.0;-1
2025-07-14 16:14:20;200;6;8.0;-1
2025-07-14 16:14:25;218;37;7.5;-1
2025-07-14 16:14:30;197;16;7.5;-1
2025-07-14 16:14:35;201;21;7.5;-1
2025-07-14 16:14:40;202;22;7.5;-1
2025-07-14 16:14:46;207;24;7.5;-1
2025-07-14 16:14:51;201;20;7.5;-1
2025-07-14 16:14:56;197;15;7.5;-1
2025-07-14 16:15:01;203;20;7.5;-1
2025-07-14 16:15:06;197;19;7.5;-1
2025-07-14 16:15:11;213;25;7.5;-1
2025-07-14 16:15:16;209;22;7.5;-1
2025-07-14 16:15:22;209;21;7.5;-1
2025-07-14 16:15:27;210;10;7.5;-1
2025-07-14 16:15:32;208;22;7.5;-1
2025-07-14 16:15:37;208;-11;8.5;-1
2025-07-14 16:15:42;211;22;8.5;-1
2025-07-14 16:15:48;237;48;8.0;-1
2025-07-14 16:15:53;220;30;7.5;-1
2025-07-14 16:15:58;208;19;7.5;-1
2025-07-14 16:16:04;207;21;7.5;-1
2025-07-14 16:16:09;208;21;7.5;-1
2025-07-14 16:16:14;206;19;7.5;-1
2025-07-14 16:16:19;206;13;7.5;-1
2025-07-14 16:16:24;206;20;7.5;-1
2025-07-14 16:16:29;207;18;7.5;-1
2025-07-14 16:16:34;208;20;7.5;-1
2025-07-14 16:16:40;207;19;7.5;-1
2025-07-14 16:16:45;209;19;7.5;-1
2025-07-14 16:16:50;208;11;7.5;-1
2025-07-14 16:16:55;208;20;7.5;-1
2025-07-14 16:17:00;207;20;7.5;-1
2025-07-14 16:17:11;206;33;7.0;-1
2025-07-14 16:17:16;177;3;7.0;-1
2025-07-14 16:17:21;178;-5;8.0;-1
2025-07-14 16:17:26;207;24;8.0;-1
2025-07-14 16:17:37;209;24;8.0;-1
2025-07-14 16:17:42;205;22;8.0;-1
2025-07-14 16:17:47;206;26;8.0;-1
2025-07-14 16:17:52;204;17;8.0;-1
2025-07-14 16:17:57;203;23;8.0;-1
2025-07-14 16:18:02;208;26;8.0;-1
2025-07-14 16:18:08;205;24;8.0;-1
2025-07-14 16:18:13;207;26;8.0;-1
2025-07-14 16:18:18;204;22;8.0;-1
2025-07-14 16:18:23;207;22;8.0;-1
2025-07-14 16:18:28;187;5;8.0;-1
2025-07-14 16:18:33;207;24;8.0;-1
2025-07-14 16:18:39;206;-5;9.0;-1
2025-07-14 16:18:44;168;-28;10.0;-1
2025-07-14 16:18:49;235;55;9.5;-1
2025-07-14 16:18:54;265;83;8.5;5
2025-07-14 16:19:00;235;53;8.0;-1
2025-07-14 16:19:05;204;23;8.0;-1
2025-07-14 16:19:10;233;53;7.5;-1
2025-07-14 16:19:16;202;19;7.5;-1
2025-07-14 16:19:21;203;21;7.5;-1
2025-07-14 16:19:26;202;23;7.5;-1
2025-07-14 16:19:31;204;23;7.5;-1
2025-07-14 16:19:36;193;12;7.5;-1
2025-07-14 16:19:41;201;20;7.5;-1
2025-07-14 16:19:46;193;12;7.5;-1
2025-07-14 16:19:52;203;21;7.5;-1
2025-07-14 16:19:57;203;20;7.5;-1
2025-07-14 16:20:02;195;12;7.5;-1
2025-07-14 16:20:07;201;14;7.5;-1
2025-07-14 16:20:12;200;-21;8.5;-1
2025-07-14 16:20:18;228;-88;10.5;5
2025-07-14 16:20:23;240;31;10.0;-1
2025-07-14 16:20:28;259;61;9.0;5
2025-07-14 16:20:34;233;46;8.5;-1
2025-07-14 16:20:39;228;35;8.0;-1
2025-07-14 16:20:44;232;40;7.5;-1
2025-07-14 16:20:50;227;33;7.0;-1
2025-07-14 16:20:55;198;8;7.0;-1
2025-07-14 16:21:00;166;-25;8.0;-1
2025-07-14 16:21:05;199;7;8.0;-1
2025-07-14 16:21:10;211;19;8.0;-1
2025-07-14 16:21:16;197;-2;9.0;-1
2025-07-14 16:21:21;208;41;8.5;-1
2025-07-14 16:21:26;236;78;7.5;5
2025-07-14 16:21:31;226;-770;27.5;5
2025-07-14 16:21:37;200;30;27.0;-1
2025-07-14 16:21:42;409;244;22.0;5
2025-07-14 16:21:47;668;502;12.0;5
2025-07-14 16:21:53;580;412;2.0;5
2025-07-14 16:21:58;329;-635;22.0;5
2025-07-14 16:22:04;153;-10;23.0;-1
2025-07-14 16:22:09;159;-11;24.0;-1
2025-07-14 16:22:14;433;241;19.0;5
2025-07-14 16:22:20;505;331;9.0;5
2025-07-14 16:22:25;463;319;1.0;5
2025-07-14 16:22:30;361;216;1.0;5
2025-07-14 16:22:35;193;-816;21.0;5
2025-07-14 16:22:41;134;-19;22.0;-1
2025-07-14 16:22:46;313;166;17.0;5
2025-07-14 16:22:51;417;270;7.0;5
2025-07-14 16:22:56;419;274;1.0;5
2025-07-14 16:23:02;237;92;1.0;5
2025-07-14 16:23:07;132;-33;3.0;5
2025-07-14 16:23:12;105;-52;5.0;5
2025-07-14 16:23:18;86;-70;7.0;5
2025-07-14 16:23:23;121;-25;8.0;-1
2025-07-14 16:23:28;141;0;8.0;-1
2025-07-14 16:23:34;202;58;7.5;-1
2025-07-14 16:23:39;200;57;7.0;-1
2025-07-14 16:23:44;186;30;6.5;-1
2025-07-14 16:23:49;173;23;6.5;-1
2025-07-14 16:23:55;145;-18;7.5;-1
2025-07-14 16:24:00;202;46;7.0;-1
2025-07-14 16:24:05;169;12;7.0;-1
2025-07-14 16:24:10;170;8;7.0;-1
2025-07-14 16:24:16;171;11;7.0;-1
2025-07-14 16:24:21;179;-19;8.0;-1
2025-07-14 16:24:26;200;33;7.5;-1
2025-07-14 16:24:31;204;38;7.0;-1
2025-07-14 16:24:37;201;42;6.5;-1
2025-07-14 16:24:42;163;4;6.5;-1
2025-07-14 16:24:47;143;-21;7.5;-1
2025-07-14 16:24:52;199;39;7.0;-1
2025-07-14 16:24:58;187;27;7.0;-1
2025-07-14 16:25:03;158;-19;8.0;-1
2025-07-14 16:25:08;219;28;8.0;-1
2025-07-14 16:25:14;206;31;7.5;-1
2025-07-14 16:25:19;207;32;7.0;-1
2025-07-14 16:25:24;198;22;7.0;-1
2025-07-14 16:25:29;169;-3;8.0;-1
2025-07-14 16:25:35;189;22;8.0;-1
2025-07-14 16:25:40;203;38;7.5;-1
2025-07-14 16:25:45;202;31;7.0;-1
2025-07-14 16:25:50;202;24;7.0;-1
2025-07-14 16:25:55;152;-110;12.0;5
2025-07-14 16:26:01;240;-28;13.0;-1
2025-07-14 16:26:06;316;49;12.5;-1
2025-07-14 16:26:11;334;67;11.5;5
2025-07-14 16:26:17;310;43;11.0;-1
2025-07-14 16:26:22;294;27;11.0;-1
2025-07-14 16:26:27;295;30;10.5;-1
2025-07-14 16:26:32;264;0;10.5;-1
2025-07-14 16:26:38;265;1;10.5;-1
2025-07-14 16:26:43;266;4;10.5;-1
2025-07-14 16:26:48;266;25;10.5;-1
2025-07-14 16:26:53;265;29;10.5;-1
2025-07-14 16:26:58;262;28;10.5;-1
2025-07-14 16:27:04;266;28;10.5;-1
2025-07-14 16:27:09;262;31;10.0;-1
2025-07-14 16:27:14;264;33;9.5;-1
2025-07-14 16:27:20;262;27;9.5;-1
2025-07-14 16:27:25;235;4;9.5;-1
2025-07-14 16:27:30;228;-3;10.5;-1
2025-07-14 16:27:35;249;16;10.5;-1
2025-07-14 16:27:40;265;37;10.0;-1
2025-07-14 16:27:46;265;35;9.5;-1
2025-07-14 16:27:51;255;23;9.5;-1
2025-07-14 16:27:56;228;-6;10.5;-1
2025-07-14 16:28:01;257;13;10.5;-1
2025-07-14 16:28:07;265;22;10.5;-1
2025-07-14 16:28:12;255;3;10.5;-1
2025-07-14 16:28:17;263;20;10.5;-1
2025-07-14 16:28:22;264;21;10.5;-1
2025-07-14 16:28:27;231;-11;11.5;-1
2025-07-14 16:28:33;316;75;10.5;5
2025-07-14 16:28:38;291;48;10.0;-1
2025-07-14 16:28:43;267;24;10.0;-1
2025-07-14 16:28:48;262;18;10.0;-1
2025-07-14 16:28:53;262;21;10.0;-1
2025-07-14 16:28:59;258;16;10.0;-1
2025-07-14 16:29:04;262;28;10.0;-1
2025-07-14 16:29:09;263;34;9.5;-1
2025-07-14 16:29:14;244;10;9.5;-1
2025-07-14 16:29:19;232;-11;10.5;-1
2025-07-14 16:29:25;258;30;10.0;-1
2025-07-14 16:29:30;264;18;10.0;-1
2025-07-14 16:29:35;221;-6;11.0;-1
2025-07-14 16:29:40;281;53;10.5;-1
2025-07-14 16:29:46;291;64;9.5;5
2025-07-14 16:29:51;262;36;9.0;-1
2025-07-14 16:29:56;236;9;9.0;-1
2025-07-14 16:30:02;232;-21;10.0;-1
2025-07-14 16:30:07;240;10;10.0;-1
2025-07-14 16:30:12;262;26;10.0;-1
2025-07-14 16:30:17;259;19;10.0;-1
2025-07-14 16:30:22;262;21;10.0;-1
2025-07-14 16:30:27;258;17;10.0;-1
2025-07-14 16:30:33;265;25;10.0;-1
2025-07-14 16:30:38;262;19;10.0;-1
2025-07-14 16:30:43;261;21;10.0;-1
2025-07-14 16:30:48;262;2;10.0;-1
2025-07-14 16:30:53;260;17;10.0;-1
2025-07-14 16:30:58;261;22;10.0;-1
2025-07-14 16:31:04;261;23;10.0;-1
2025-07-14 16:31:09;256;13;10.0;-1
2025-07-14 16:31:14;269;27;10.0;-1
2025-07-14 16:31:19;254;17;10.0;-1
2025-07-14 16:31:24;262;14;10.0;-1
2025-07-14 16:31:29;258;9;10.0;-1
2025-07-14 16:31:35;257;12;10.0;-1
2025-07-14 16:31:40;261;16;10.0;-1
2025-07-14 16:31:45;256;10;10.0;-1
2025-07-14 16:31:50;266;22;10.0;-1
2025-07-14 16:31:55;260;30;9.5;-1
2025-07-14 16:32:00;244;18;9.5;-1
2025-07-14 16:32:06;229;1;9.5;-1
2025-07-14 16:32:11;232;4;9.5;-1
2025-07-14 16:32:16;234;7;9.5;-1
2025-07-14 16:32:21;233;6;9.5;-1
2025-07-14 16:32:26;228;-6;10.5;-1
2025-07-14 16:32:32;227;-11;11.5;-1
2025-07-14 16:32:37;263;25;11.5;-1
2025-07-14 16:32:42;317;76;10.5;5
2025-07-14 16:32:47;259;19;10.5;-1
2025-07-14 16:32:52;262;4;10.5;-1
2025-07-14 16:32:58;259;19;10.5;-1
2025-07-14 16:33:03;264;24;10.5;-1
2025-07-14 16:33:08;258;19;10.5;-1
2025-07-14 16:33:13;260;20;10.5;-1
2025-07-14 16:33:18;261;19;10.5;-1
2025-07-14 16:33:23;265;26;10.5;-1
2025-07-14 16:33:29;259;26;10.5;-1
2025-07-14 16:33:34;256;27;10.5;-1
2025-07-14 16:33:39;263;36;10.0;-1
2025-07-14 16:33:44;259;27;10.0;-1
2025-07-14 16:33:49;261;34;9.5;-1
2025-07-14 16:33:55;229;2;9.5;-1
2025-07-14 16:34:00;230;4;9.5;-1
2025-07-14 16:34:05;226;0;9.5;-1
2025-07-14 16:34:10;229;3;9.5;-1
2025-07-14 16:34:15;231;5;9.5;-1
2025-07-14 16:34:20;230;2;9.5;-1
2025-07-14 16:34:26;231;5;9.5;-1
2025-07-14 16:34:31;232;-2;10.5;-1
2025-07-14 16:34:36;253;26;10.5;-1
2025-07-14 16:34:41;260;32;10.0;-1
2025-07-14 16:34:47;263;25;10.0;-1
2025-07-14 16:34:52;261;21;10.0;-1
2025-07-14 16:34:57;262;26;10.0;-1
2025-07-14 16:35:02;260;21;10.0;-1
2025-07-14 16:35:07;261;21;10.0;-1
2025-07-14 16:35:12;262;22;10.0;-1
2025-07-14 16:35:17;264;25;10.0;-1
2025-07-14 16:35:23;263;24;10.0;-1
2025-07-14 16:35:28;261;28;10.0;-1
2025-07-14 16:35:33;269;41;9.5;-1
2025-07-14 16:35:38;266;50;9.0;-1
2025-07-14 16:35:43;236;8;9.0;-1
2025-07-14 16:35:49;233;19;9.0;-1
2025-07-14 16:35:54;231;11;9.0;-1
2025-07-14 16:35:59;224;5;9.0;-1
2025-07-14 16:36:04;230;5;9.0;-1
2025-07-14 16:36:09;232;12;9.0;-1
2025-07-14 16:36:14;230;13;9.0;-1
2025-07-14 16:36:20;231;21;9.0;-1
2025-07-14 16:36:25;234;9;9.0;-1
2025-07-14 16:36:30;228;-10;10.0;-1
2025-07-14 16:36:35;252;46;9.5;-1
2025-07-14 16:36:40;264;60;8.5;5
2025-07-14 16:36:46;235;10;8.5;-1
2025-07-14 16:36:51;231;19;8.5;-1
2025-07-14 16:36:56;232;6;8.5;-1
2025-07-14 16:37:01;232;16;8.5;-1
2025-07-14 16:37:06;233;16;8.5;-1
2025-07-14 16:37:12;226;10;8.5;-1
2025-07-14 16:37:17;231;14;8.5;-1
2025-07-14 16:37:22;232;16;8.5;-1
2025-07-14 16:37:27;236;20;8.5;-1
2025-07-14 16:37:32;228;14;8.5;-1
2025-07-14 16:37:37;228;1;8.5;-1
2025-07-14 16:37:42;233;-2;9.5;-1
2025-07-14 16:37:48;234;7;9.5;-1
2025-07-14 16:37:53;229;0;9.5;-1
2025-07-14 16:38:03;234;0;9.5;-1
2025-07-14 16:38:09;229;-5;10.5;-1
2025-07-14 16:38:14;245;23;10.5;-1
2025-07-14 16:38:19;263;34;10.0;-1
2025-07-14 16:38:24;257;25;10.0;-1
2025-07-14 16:38:29;262;37;9.5;-1
2025-07-14 16:38:35;230;-2088;29.5;5
2025-07-14 16:38:40;304;-2008;100.0;10
2025-07-14 16:38:50;1145;-1176;100.0;-1
2025-07-14 16:38:55;1467;-877;100.0;-1
2025-07-14 16:39:01;1707;-616;100.0;-1
2025-07-14 16:39:06;1734;-593;100.0;-1
2025-07-14 16:39:11;1733;-618;100.0;-1
2025-07-14 16:39:16;1729;-606;100.0;-1
2025-07-14 16:39:21;1730;-608;100.0;-1
2025-07-14 16:39:26;1724;-614;100.0;-1
2025-07-14 16:39:32;1723;-583;100.0;-1
2025-07-14 16:39:37;1722;-579;100.0;-1
2025-07-14 16:39:42;1719;-580;100.0;-1
2025-07-14 16:39:47;1714;-583;100.0;-1
2025-07-14 16:39:52;1714;-576;100.0;-1
2025-07-14 16:39:57;1721;-572;100.0;-1
2025-07-14 16:40:02;1726;-573;100.0;-1
2025-07-14 16:40:08;1722;-573;100.0;-1
2025-07-14 16:40:13;1723;-575;100.0;-1
2025-07-14 16:40:18;1723;-566;100.0;-1
2025-07-14 16:40:23;1722;-576;100.0;-1
2025-07-14 16:40:28;1721;-569;100.0;-1
2025-07-14 16:40:33;1731;-557;100.0;-1
2025-07-14 16:40:39;1729;-565;100.0;-1
2025-07-14 16:40:44;1731;-561;100.0;-1
2025-07-14 16:40:49;1732;-562;100.0;-1
2025-07-14 16:40:54;1731;-592;100.0;-1
2025-07-14 16:40:59;1726;-597;100.0;-1
2025-07-14 16:41:04;1727;-581;100.0;-1
2025-07-14 16:41:09;1725;-581;100.0;-1
2025-07-14 16:41:15;1725;-572;100.0;-1
2025-07-14 16:41:20;1727;-567;100.0;-1
2025-07-14 16:41:25;1726;-564;100.0;-1
2025-07-14 16:41:30;1722;-564;100.0;-1
2025-07-14 16:41:35;1720;-564;100.0;-1
2025-07-14 16:41:40;1718;-578;100.0;-1
2025-07-14 16:41:46;1716;-584;100.0;-1
2025-07-14 16:41:51;1709;-584;100.0;-1
2025-07-14 16:41:56;1710;-582;100.0;-1
2025-07-14 16:42:01;1707;-560;100.0;-1
2025-07-14 16:42:06;1697;-576;100.0;-1
2025-07-14 16:42:11;1703;-594;100.0;-1
2025-07-14 16:42:16;1702;-593;100.0;-1
2025-07-14 16:42:22;1700;-590;100.0;-1
2025-07-14 16:42:27;1696;-595;100.0;-1
2025-07-14 16:42:32;1697;-594;100.0;-1
2025-07-14 16:42:37;1699;-590;100.0;-1
2025-07-14 16:42:42;1694;-585;100.0;-1
2025-07-14 16:42:47;1698;-571;100.0;-1
2025-07-14 16:42:53;1699;-556;100.0;-1
2025-07-14 16:43:03;1700;-552;100.0;-1
2025-07-14 16:43:08;1701;-539;100.0;-1
2025-07-14 16:43:13;1702;-538;100.0;-1
2025-07-14 16:43:19;1703;-527;100.0;-1
2025-07-14 16:43:24;1699;-533;100.0;-1
2025-07-14 16:43:29;1701;-530;100.0;-1
2025-07-14 16:43:34;1700;-523;100.0;-1
2025-07-14 16:43:39;1696;-534;100.0;-1
2025-07-14 16:43:45;1698;-534;100.0;-1
2025-07-14 16:43:50;1698;-529;100.0;-1
2025-07-14 16:43:55;1694;-529;100.0;-1
2025-07-14 16:44:00;1700;-527;100.0;-1
2025-07-14 16:44:05;1701;-546;100.0;-1
2025-07-14 16:44:10;1702;-542;100.0;-1
2025-07-14 16:44:16;1701;-539;100.0;-1
2025-07-14 16:44:21;1703;-539;100.0;-1
2025-07-14 16:44:26;1704;-538;100.0;-1
2025-07-14 16:44:31;1700;-538;100.0;-1
2025-07-14 16:44:36;1698;-544;100.0;-1
2025-07-14 16:44:41;1703;-564;100.0;-1
2025-07-14 16:44:46;1702;-551;100.0;-1
2025-07-14 16:44:52;1703;-550;100.0;-1
2025-07-14 16:44:57;1702;-561;100.0;-1
2025-07-14 16:45:02;1703;-551;100.0;-1
2025-07-14 16:45:07;1699;-550;100.0;-1
2025-07-14 16:45:12;1704;-550;100.0;-1
2025-07-14 16:45:17;1706;-547;100.0;-1
2025-07-14 16:45:23;1700;-555;100.0;-1
2025-07-14 16:45:28;1698;-551;100.0;-1
2025-07-14 16:45:33;1698;-552;100.0;-1
2025-07-14 16:45:38;1702;-554;100.0;-1
2025-07-14 16:45:43;1708;-549;100.0;-1
2025-07-14 16:45:48;1517;-738;100.0;-1
2025-07-14 16:45:54;291;-1949;100.0;-1
2025-07-14 16:45:59;292;-1938;100.0;-1
2025-07-14 16:46:04;290;-1950;100.0;-1
2025-07-14 16:46:09;335;-1906;100.0;-1
2025-07-14 16:46:14;357;-1876;100.0;-1
2025-07-14 16:46:19;358;-1870;100.0;-1
2025-07-14 16:46:25;365;-1865;100.0;-1
2025-07-14 16:46:30;374;-1848;100.0;-1
2025-07-14 16:46:35;387;-1843;100.0;-1
2025-07-14 16:46:40;406;-1813;100.0;-1
2025-07-14 16:46:45;433;-1791;100.0;-1
2025-07-14 16:46:50;760;-1465;100.0;-1
2025-07-14 16:46:55;996;-1217;100.0;-1
2025-07-14 16:47:01;1597;-634;100.0;-1
2025-07-14 16:47:06;1758;-477;100.0;-1
2025-07-14 16:47:11;1783;-463;100.0;-1
2025-07-14 16:47:16;1783;-443;100.0;-1
2025-07-14 16:47:21;1781;-452;100.0;-1
2025-07-14 16:47:26;1781;-453;100.0;-1
2025-07-14 16:47:32;1777;-457;100.0;-1
2025-07-14 16:47:37;1777;-450;100.0;-1
2025-07-14 16:47:42;1774;-451;100.0;-1
2025-07-14 16:47:47;1773;-451;100.0;-1
2025-07-14 16:47:52;1775;-448;100.0;-1
2025-07-14 16:47:57;1774;-448;100.0;-1
2025-07-14 16:48:02;1773;-466;100.0;-1
2025-07-14 16:48:08;1773;-463;100.0;-1
2025-07-14 16:48:13;1771;-473;100.0;-1
2025-07-14 16:48:18;1768;-475;100.0;-1
2025-07-14 16:48:23;1767;-481;100.0;-1
2025-07-14 16:48:28;1765;-488;100.0;-1
2025-07-14 16:48:33;1762;-470;100.0;-1
2025-07-14 16:48:39;1758;-471;100.0;-1
2025-07-14 16:48:44;1760;-460;100.0;-1
2025-07-14 16:48:49;1757;-471;100.0;-1
2025-07-14 16:48:54;1753;-466;100.0;-1
2025-07-14 16:48:59;1749;-480;100.0;-1
2025-07-14 16:49:05;1746;-463;100.0;-1
2025-07-14 16:49:10;1745;-472;100.0;-1
2025-07-14 16:49:15;1747;-477;100.0;-1
2025-07-14 16:49:20;1746;-471;100.0;-1
2025-07-14 16:49:25;1745;-473;100.0;-1
2025-07-14 16:49:30;1750;-453;100.0;-1
2025-07-14 16:49:36;1751;-449;100.0;-1
2025-07-14 16:49:41;1747;1517;80.0;5
2025-07-14 16:49:46;1696;1467;8.6;10
2025-07-14 16:49:56;709;505;1.0;5
2025-07-14 16:50:02;366;164;1.0;5
2025-07-14 16:50:07;263;59;1.0;-1
2025-07-14 16:50:12;199;-2;2.0;-1
2025-07-14 16:50:17;153;-48;4.0;5
2025-07-14 16:50:22;110;-92;6.0;5
2025-07-14 16:50:28;77;-124;11.0;5
2025-07-14 16:50:33;154;-57;13.0;5
2025-07-14 16:50:38;214;-14;14.0;-1
2025-07-14 16:50:44;289;61;13.0;5
2025-07-14 16:50:49;275;63;12.0;5
2025-07-14 16:50:54;340;130;7.0;5
2025-07-14 16:51:00;316;110;6.0;5
2025-07-14 16:51:05;279;70;5.0;5
2025-07-14 16:51:10;144;-80;7.0;5
2025-07-14 16:51:16;116;-88;9.0;5
2025-07-14 16:51:21;176;-33;11.0;5
2025-07-14 16:51:26;236;32;10.5;-1
2025-07-14 16:51:32;266;63;9.5;5
2025-07-14 16:51:37;240;37;9.0;-1
2025-07-14 16:51:42;231;28;9.0;-1
2025-07-14 16:51:47;232;29;9.0;-1
2025-07-14 16:51:58;229;26;9.0;-1
2025-07-14 16:52:03;222;17;9.0;-1
2025-07-14 16:52:08;231;29;9.0;-1
2025-07-14 16:52:13;223;-765;29.0;5
2025-07-14 16:52:18;433;229;24.0;5
2025-07-14 16:52:24;718;514;14.0;5
2025-07-14 16:52:29;653;450;4.0;5
2025-07-14 16:52:34;385;183;1.0;5
2025-07-14 16:52:39;201;-1;2.0;-1
2025-07-14 16:52:45;97;-105;7.0;5
2025-07-14 16:52:50;107;-96;9.0;5
2025-07-14 16:52:55;183;-18;10.0;-1
2025-07-14 16:53:01;226;23;10.0;-1
2025-07-14 16:53:06;258;53;9.5;-1
2025-07-14 16:53:11;225;24;9.5;-1
2025-07-14 16:53:16;229;27;9.5;-1
2025-07-14 16:53:21;231;28;9.5;-1
2025-07-14 16:53:27;236;35;9.0;-1
2025-07-14 16:53:32;231;30;8.5;-1
2025-07-14 16:53:37;229;27;8.5;-1
2025-07-14 16:53:42;236;33;8.0;-1
2025-07-14 16:53:48;203;0;8.0;-1
2025-07-14 16:53:53;202;-1;9.0;-1
2025-07-14 16:53:58;233;32;8.5;-1
2025-07-14 16:54:04;232;28;8.5;-1
2025-07-14 16:54:09;232;31;8.0;-1
2025-07-14 16:54:14;209;6;8.0;-1
2025-07-14 16:54:19;201;-1;9.0;-1
2025-07-14 16:54:25;211;8;9.0;-1
2025-07-14 16:54:30;232;23;9.0;-1
2025-07-14 16:54:35;227;19;9.0;-1
2025-07-14 16:54:40;228;19;9.0;-1
2025-07-14 16:54:45;231;23;9.0;-1
2025-07-14 16:54:50;233;20;9.0;-1
2025-07-14 16:54:56;231;21;9.0;-1
2025-07-14 16:55:01;233;24;9.0;-1
2025-07-14 16:55:06;227;18;9.0;-1
2025-07-14 16:55:11;233;24;9.0;-1
2025-07-14 16:55:16;231;23;9.0;-1
2025-07-14 16:55:21;230;21;9.0;-1
2025-07-14 16:55:27;234;26;9.0;-1
2025-07-14 16:55:32;230;26;9.0;-1
2025-07-14 16:55:37;230;23;9.0;-1
2025-07-14 16:55:42;234;31;8.5;-1
2025-07-14 16:55:47;228;28;8.5;-1
2025-07-14 16:55:53;230;28;8.5;-1
2025-07-14 16:55:58;234;33;8.0;-1
2025-07-14 16:56:03;199;-1;9.0;-1
2025-07-14 16:56:08;220;19;9.0;-1
2025-07-14 16:56:13;235;33;8.5;-1
2025-07-14 16:56:19;228;27;8.5;-1
2025-07-14 16:56:24;235;33;8.0;-1
2025-07-14 16:56:29;210;8;8.0;-1
2025-07-14 16:56:34;199;0;8.0;-1
2025-07-14 16:56:40;205;2;8.0;-1
2025-07-14 16:56:45;204;5;8.0;-1
2025-07-14 16:56:50;201;0;8.0;-1
2025-07-14 16:56:55;202;0;8.0;-1
2025-07-14 16:57:00;198;-3;9.0;-1
2025-07-14 16:57:05;226;25;9.0;-1
2025-07-14 16:57:11;231;28;9.0;-1
2025-07-14 16:57:16;233;31;8.5;-1
2025-07-14 16:57:21;225;25;8.5;-1
2025-07-14 16:57:26;228;18;8.5;-1
2025-07-14 16:57:31;227;26;8.5;-1
2025-07-14 16:57:37;230;29;8.5;-1
2025-07-14 16:57:42;234;33;8.0;-1
2025-07-14 16:57:47;204;2;8.0;-1
2025-07-14 16:57:52;204;3;8.0;-1
2025-07-14 16:57:57;203;0;8.0;-1
2025-07-14 16:58:03;201;0;8.0;-1
2025-07-14 16:58:08;205;4;8.0;-1
2025-07-14 16:58:13;203;3;8.0;-1
2025-07-14 16:58:18;204;-2;9.0;-1
2025-07-14 16:58:23;231;15;9.0;-1
2025-07-14 16:58:28;231;29;9.0;-1
2025-07-14 16:58:34;229;27;9.0;-1
2025-07-14 16:58:39;232;32;8.5;-1
2025-07-14 16:58:44;232;32;8.0;-1
2025-07-14 16:58:50;215;15;8.0;-1
2025-07-14 16:58:55;201;0;8.0;-1
2025-07-14 16:59:00;202;74;7.0;5
2025-07-14 16:59:05;189;59;6.5;-1
2025-07-14 16:59:11;177;47;6.0;-1
2025-07-14 16:59:16;146;14;6.0;-1
2025-07-14 16:59:21;140;11;6.0;-1
2025-07-14 16:59:26;135;6;6.0;-1
2025-07-14 16:59:31;147;16;6.0;-1
2025-07-14 16:59:36;144;16;6.0;-1
2025-07-14 16:59:42;136;7;6.0;-1
2025-07-14 16:59:47;146;18;6.0;-1
2025-07-14 16:59:52;152;23;6.0;-1
2025-07-14 16:59:57;140;12;6.0;-1
2025-07-14 17:00:02;146;16;6.0;-1
2025-07-14 17:00:07;145;13;6.0;-1
2025-07-14 17:00:13;150;19;6.0;-1
2025-07-14 17:00:18;148;20;6.0;-1
2025-07-14 17:00:23;146;17;6.0;-1
2025-07-14 17:00:28;142;12;6.0;-1
2025-07-14 17:00:33;147;17;6.0;-1
2025-07-14 17:00:38;147;18;6.0;-1
2025-07-14 17:00:43;148;19;6.0;-1
2025-07-14 17:00:49;143;14;6.0;-1
2025-07-14 17:00:54;148;18;6.0;-1
2025-07-14 17:00:59;144;14;6.0;-1
2025-07-14 17:01:04;140;0;6.0;-1
2025-07-14 17:01:09;147;14;6.0;-1
2025-07-14 17:01:14;148;17;6.0;-1
2025-07-14 17:01:20;143;6;6.0;-1
2025-07-14 17:01:25;149;17;6.0;-1
2025-07-14 17:01:30;149;20;6.0;-1
2025-07-14 17:01:35;148;18;6.0;-1
2025-07-14 17:01:40;145;18;6.0;-1
2025-07-14 17:01:46;143;14;6.0;-1
2025-07-14 17:01:51;145;17;6.0;-1
2025-07-14 17:01:56;149;20;6.0;-1
2025-07-14 17:02:01;147;18;6.0;-1
2025-07-14 17:02:06;145;15;6.0;-1
2025-07-14 17:02:11;147;20;6.0;-1
2025-07-14 17:02:17;134;5;6.0;-1
2025-07-14 17:02:22;128;0;6.0;-1
2025-07-14 17:02:27;138;10;6.0;-1
2025-07-14 17:02:32;146;17;6.0;-1
2025-07-14 17:02:37;141;11;6.0;-1
2025-07-14 17:02:42;138;10;6.0;-1
2025-07-14 17:02:47;148;20;6.0;-1
2025-07-14 17:02:53;141;12;6.0;-1
2025-07-14 17:02:58;148;21;6.0;-1
2025-07-14 17:03:03;127;0;6.0;-1
2025-07-14 17:03:08;143;13;6.0;-1
2025-07-14 17:03:13;145;16;6.0;-1
2025-07-14 17:03:18;148;19;6.0;-1
2025-07-14 17:03:24;143;15;6.0;-1
2025-07-14 17:03:29;145;16;6.0;-1
2025-07-14 17:03:34;139;9;6.0;-1
2025-07-14 17:03:39;146;15;6.0;-1
2025-07-14 17:03:44;145;14;6.0;-1
2025-07-14 17:03:50;145;17;6.0;-1
2025-07-14 17:03:55;144;15;6.0;-1
2025-07-14 17:04:00;136;7;6.0;-1
2025-07-14 17:04:05;132;2;6.0;-1
2025-07-14 17:04:11;133;3;6.0;-1
2025-07-14 17:04:16;143;16;6.0;-1
2025-07-14 17:04:21;145;15;6.0;-1
2025-07-14 17:04:26;144;15;6.0;-1
2025-07-14 17:04:31;146;16;6.0;-1
2025-07-14 17:04:36;144;16;6.0;-1
2025-07-14 17:04:41;148;20;6.0;-1
2025-07-14 17:04:47;128;-1;7.0;-1
2025-07-14 17:04:52;160;30;6.5;-1
2025-07-14 17:04:57;164;34;6.0;-1
2025-07-14 17:05:02;144;15;6.0;-1
2025-07-14 17:05:08;145;15;6.0;-1
2025-07-14 17:05:13;149;19;6.0;-1
2025-07-14 17:05:18;147;18;6.0;-1
2025-07-14 17:05:23;147;16;6.0;-1
2025-07-14 17:05:28;144;16;6.0;-1
2025-07-14 17:05:33;142;13;6.0;-1
2025-07-14 17:05:39;141;12;6.0;-1
2025-07-14 17:05:44;139;10;6.0;-1
2025-07-14 17:05:49;139;9;6.0;-1
2025-07-14 17:05:54;137;9;6.0;-1
2025-07-14 17:05:59;144;14;6.0;-1
2025-07-14 17:06:04;147;19;6.0;-1
2025-07-14 17:06:09;148;19;6.0;-1
2025-07-14 17:06:15;147;18;6.0;-1
2025-07-14 17:06:20;140;12;6.0;-1
2025-07-14 17:06:25;144;16;6.0;-1
2025-07-14 17:06:30;144;-13;7.0;-1
2025-07-14 17:06:36;176;45;6.5;-1
2025-07-14 17:06:41;161;33;6.0;-1
2025-07-14 17:06:46;144;13;6.0;-1
2025-07-14 17:06:51;149;20;6.0;-1
2025-07-14 17:06:56;136;-145;11.0;5
2025-07-14 17:07:02;245;-33;13.0;5
2025-07-14 17:07:07;302;35;12.5;-1
2025-07-14 17:07:12;346;78;11.5;5
2025-07-14 17:07:18;322;53;11.0;-1
2025-07-14 17:07:23;293;23;11.0;-1
2025-07-14 17:07:28;290;24;11.0;-1
2025-07-14 17:07:33;291;26;11.0;-1
2025-07-14 17:07:38;293;29;11.0;-1
2025-07-14 17:07:44;291;31;10.5;-1
2025-07-14 17:07:49;287;28;10.5;-1
2025-07-14 17:07:54;264;5;10.5;-1
2025-07-14 17:07:59;261;4;10.5;-1
2025-07-14 17:08:04;260;4;10.5;-1
2025-07-14 17:08:09;261;5;10.5;-1
2025-07-14 17:08:15;261;7;10.5;-1
2025-07-14 17:08:20;259;6;10.5;-1
2025-07-14 17:08:25;262;10;10.5;-1
2025-07-14 17:08:30;259;8;10.5;-1
2025-07-14 17:08:36;261;9;10.5;-1
2025-07-14 17:08:41;260;7;10.5;-1
2025-07-14 17:08:46;261;13;10.5;-1
2025-07-14 17:08:51;261;9;10.5;-1
2025-07-14 17:08:56;262;10;10.5;-1
2025-07-14 17:09:01;260;11;10.5;-1
2025-07-14 17:09:07;267;17;10.5;-1
2025-07-14 17:09:12;261;12;10.5;-1
2025-07-14 17:09:17;260;14;10.5;-1
2025-07-14 17:09:22;259;13;10.5;-1
2025-07-14 17:09:27;259;11;10.5;-1
2025-07-14 17:09:32;254;5;10.5;-1
2025-07-14 17:09:38;261;15;10.5;-1
2025-07-14 17:09:43;259;13;10.5;-1
2025-07-14 17:09:48;260;14;10.5;-1
2025-07-14 17:09:53;264;19;10.5;-1
2025-07-14 17:09:58;259;11;10.5;-1
2025-07-14 17:10:04;260;17;10.5;-1
2025-07-14 17:10:09;261;16;10.5;-1
2025-07-14 17:10:14;263;-1;11.5;-1
2025-07-14 17:10:19;259;6;11.5;-1
2025-07-14 17:10:24;317;55;11.0;-1
2025-07-14 17:10:30;289;44;10.5;-1
2025-07-14 17:10:35;292;34;10.0;-1
2025-07-14 17:10:40;292;30;9.5;-1
2025-07-14 17:10:45;294;23;9.5;-1
2025-07-14 17:10:51;229;-35;11.5;5
2025-07-14 17:10:56;316;72;10.5;5
2025-07-14 17:11:01;301;57;10.0;-1
2025-07-14 17:11:06;264;21;10.0;-1
2025-07-14 17:11:12;265;21;10.0;-1
2025-07-14 17:11:17;256;12;10.0;-1
2025-07-14 17:11:22;239;-3;11.0;-1
2025-07-14 17:11:27;255;10;11.0;-1
2025-07-14 17:11:32;271;29;11.0;-1
2025-07-14 17:11:38;274;30;10.5;-1
2025-07-14 17:11:43;256;14;10.5;-1
2025-07-14 17:11:48;258;16;10.5;-1
2025-07-14 17:11:53;258;17;10.5;-1
2025-07-14 17:11:58;263;18;10.5;-1
2025-07-14 17:12:04;264;19;10.5;-1
2025-07-14 17:12:09;262;11;10.5;-1
2025-07-14 17:12:14;264;21;10.5;-1
2025-07-14 17:12:19;266;24;10.5;-1
2025-07-14 17:12:24;261;16;10.5;-1
2025-07-14 17:12:29;263;20;10.5;-1
2025-07-14 17:12:35;263;23;10.5;-1
2025-07-14 17:12:40;258;14;10.5;-1
2025-07-14 17:12:45;264;20;10.5;-1
2025-07-14 17:12:50;263;21;10.5;-1
2025-07-14 17:12:56;251;9;10.5;-1
2025-07-14 17:13:01;263;23;10.5;-1
2025-07-14 17:13:06;264;22;10.5;-1
2025-07-14 17:13:11;263;23;10.5;-1
2025-07-14 17:13:16;265;26;10.5;-1
2025-07-14 17:13:21;266;22;10.5;-1
2025-07-14 17:13:26;261;19;10.5;-1
2025-07-14 17:13:32;262;19;10.5;-1
2025-07-14 17:13:37;262;22;10.5;-1
2025-07-14 17:13:42;264;22;10.5;-1
2025-07-14 17:13:52;265;24;10.5;-1
2025-07-14 17:13:57;264;22;10.5;-1
2025-07-14 17:14:03;256;12;10.5;-1
2025-07-14 17:14:08;264;23;10.5;-1
2025-07-14 17:14:13;262;21;10.5;-1
2025-07-14 17:14:18;261;20;10.5;-1
2025-07-14 17:14:23;264;22;10.5;-1
2025-07-14 17:14:28;258;18;10.5;-1
2025-07-14 17:14:33;263;23;10.5;-1
2025-07-14 17:14:39;261;19;10.5;-1
2025-07-14 17:14:44;264;22;10.5;-1
2025-07-14 17:14:49;259;20;10.5;-1
2025-07-14 17:14:54;259;18;10.5;-1
2025-07-14 17:14:59;258;18;10.5;-1
2025-07-14 17:15:04;263;21;10.5;-1
2025-07-14 17:15:10;265;25;10.5;-1
2025-07-14 17:15:15;261;21;10.5;-1
2025-07-14 17:15:20;261;19;10.5;-1
2025-07-14 17:15:26;264;20;10.5;-1
2025-07-14 17:15:31;262;22;10.5;-1
2025-07-14 17:15:36;263;23;10.5;-1
2025-07-14 17:15:41;260;20;10.5;-1
2025-07-14 17:15:46;265;25;10.5;-1
2025-07-14 17:15:51;261;20;10.5;-1
2025-07-14 17:15:57;261;21;10.5;-1
2025-07-14 17:16:02;263;24;10.5;-1
2025-07-14 17:16:07;261;21;10.5;-1
2025-07-14 17:16:12;263;24;10.5;-1
2025-07-14 17:16:17;266;26;10.5;-1
2025-07-14 17:16:22;261;22;10.5;-1
2025-07-14 17:16:28;262;22;10.5;-1
2025-07-14 17:16:33;264;24;10.5;-1
2025-07-14 17:16:38;261;21;10.5;-1
2025-07-14 17:16:43;265;26;10.5;-1
2025-07-14 17:16:53;264;24;10.5;-1
2025-07-14 17:16:59;263;22;10.5;-1
2025-07-14 17:17:04;260;20;10.5;-1
2025-07-14 17:17:09;260;19;10.5;-1
2025-07-14 17:17:14;256;14;10.5;-1
2025-07-14 17:17:19;265;25;10.5;-1
2025-07-14 17:17:24;261;21;10.5;-1
2025-07-14 17:17:30;262;20;10.5;-1
2025-07-14 17:17:35;256;17;10.5;-1
2025-07-14 17:17:40;260;21;10.5;-1
2025-07-14 17:17:45;262;22;10.5;-1
2025-07-14 17:17:51;260;21;10.5;-1
2025-07-14 17:17:56;257;19;10.5;-1
2025-07-14 17:18:01;261;20;10.5;-1
2025-07-14 17:18:06;263;24;10.5;-1
2025-07-14 17:18:11;260;22;10.5;-1
2025-07-14 17:18:16;262;22;10.5;-1
2025-07-14 17:18:22;262;23;10.5;-1
2025-07-14 17:18:27;261;21;10.5;-1
2025-07-14 17:18:32;261;22;10.5;-1
2025-07-14 17:18:37;262;21;10.5;-1
2025-07-14 17:18:42;265;25;10.5;-1
2025-07-14 17:18:53;262;22;10.5;-1
2025-07-14 17:18:58;265;26;10.5;-1
2025-07-14 17:19:03;263;24;10.5;-1
2025-07-14 17:19:08;261;21;10.5;-1
2025-07-14 17:19:13;258;20;10.5;-1
2025-07-14 17:19:18;259;20;10.5;-1
2025-07-14 17:19:23;262;24;10.5;-1
2025-07-14 17:19:29;260;21;10.5;-1
2025-07-14 17:19:34;261;23;10.5;-1
2025-07-14 17:19:39;262;25;10.5;-1
2025-07-14 17:19:44;266;26;10.5;-1
2025-07-14 17:19:49;261;22;10.5;-1
2025-07-14 17:19:54;258;19;10.5;-1
2025-07-14 17:20:00;265;26;10.5;-1
2025-07-14 17:20:05;257;11;10.5;-1
2025-07-14 17:20:10;258;20;10.5;-1
2025-07-14 17:20:15;259;22;10.5;-1
2025-07-14 17:20:20;261;23;10.5;-1
2025-07-14 17:20:26;264;26;10.5;-1
2025-07-14 17:20:31;261;26;10.5;-1
2025-07-14 17:20:36;262;23;10.5;-1
2025-07-14 17:20:41;261;24;10.5;-1
2025-07-14 17:20:46;259;19;10.5;-1
2025-07-14 17:20:51;260;14;10.5;-1
2025-07-14 17:20:57;263;27;10.5;-1
2025-07-14 17:21:02;260;23;10.5;-1
2025-07-14 17:21:07;262;26;10.5;-1
2025-07-14 17:21:12;262;25;10.5;-1
2025-07-14 17:21:17;264;30;10.0;-1
2025-07-14 17:21:22;256;19;10.0;-1
2025-07-14 17:21:28;265;28;10.0;-1
2025-07-14 17:21:33;260;24;10.0;-1
2025-07-14 17:21:38;263;28;10.0;-1
2025-07-14 17:21:43;264;29;10.0;-1
2025-07-14 17:21:48;260;24;10.0;-1
2025-07-14 17:21:53;263;28;10.0;-1
2025-07-14 17:21:59;262;25;10.0;-1
2025-07-14 17:22:04;258;22;10.0;-1
2025-07-14 17:22:09;261;25;10.0;-1
2025-07-14 17:22:14;261;24;10.0;-1
2025-07-14 17:22:19;266;32;9.5;-1
2025-07-14 17:22:25;224;-11;10.5;-1
2025-07-14 17:22:30;235;0;10.5;-1
2025-07-14 17:22:35;262;26;10.5;-1
2025-07-14 17:22:40;259;-58;12.5;5
2025-07-14 17:22:46;291;-32;14.5;5
2025-07-14 17:22:51;336;8;14.5;-1
2025-07-14 17:22:56;380;57;14.0;-1
2025-07-14 17:23:01;376;53;13.5;-1
2025-07-14 17:23:07;371;50;13.0;-1
2025-07-14 17:23:12;374;51;12.5;-1
2025-07-14 17:23:17;323;2;12.5;-1
2025-07-14 17:23:22;318;0;12.5;-1
2025-07-14 17:23:28;316;-3;13.5;-1
2025-07-14 17:23:33;373;57;13.0;-1
2025-07-14 17:23:38;360;43;12.5;-1
2025-07-14 17:23:43;346;32;12.0;-1
2025-07-14 17:23:49;321;4;12.0;-1
2025-07-14 17:23:54;311;-2;13.0;-1
2025-07-14 17:23:59;347;34;12.5;-1
2025-07-14 17:24:04;337;27;12.5;-1
2025-07-14 17:24:10;317;5;12.5;-1
2025-07-14 17:24:15;322;10;12.5;-1
2025-07-14 17:24:20;322;12;12.5;-1
2025-07-14 17:24:25;316;5;12.5;-1
2025-07-14 17:24:30;323;12;12.5;-1
2025-07-14 17:24:35;318;7;12.5;-1
2025-07-14 17:24:41;320;8;12.5;-1
2025-07-14 17:24:46;318;10;12.5;-1
2025-07-14 17:24:51;321;4;12.5;-1
2025-07-14 17:24:56;315;4;12.5;-1
2025-07-14 17:25:01;320;-9;13.5;-1
2025-07-14 17:25:07;378;60;12.5;5
2025-07-14 17:25:12;372;58;12.0;-1
2025-07-14 17:25:17;340;30;11.5;-1
2025-07-14 17:25:23;317;10;11.5;-1
2025-07-14 17:25:28;314;5;11.5;-1
2025-07-14 17:25:33;316;10;11.5;-1
2025-07-14 17:25:38;322;15;11.5;-1
2025-07-14 17:25:43;317;11;11.5;-1
2025-07-14 17:25:48;318;11;11.5;-1
2025-07-14 17:25:53;313;6;11.5;-1
2025-07-14 17:25:59;319;12;11.5;-1
2025-07-14 17:26:04;318;10;11.5;-1
2025-07-14 17:26:09;315;8;11.5;-1
2025-07-14 17:26:14;319;12;11.5;-1
2025-07-14 17:26:19;319;13;11.5;-1
2025-07-14 17:26:25;316;10;11.5;-1
2025-07-14 17:26:30;317;12;11.5;-1
2025-07-14 17:26:35;318;11;11.5;-1
2025-07-14 17:26:40;321;15;11.5;-1
2025-07-14 17:26:45;319;10;11.5;-1
2025-07-14 17:26:50;324;17;11.5;-1
2025-07-14 17:26:55;318;10;11.5;-1
2025-07-14 17:27:01;318;12;11.5;-1
2025-07-14 17:27:06;319;13;11.5;-1
2025-07-14 17:27:11;320;18;11.5;-1
2025-07-14 17:27:16;317;14;11.5;-1
2025-07-14 17:27:21;317;10;11.5;-1
2025-07-14 17:27:26;323;12;11.5;-1
2025-07-14 17:27:32;323;20;11.5;-1
2025-07-14 17:27:37;317;14;11.5;-1
2025-07-14 17:27:42;320;19;11.5;-1
2025-07-14 17:27:47;324;22;11.5;-1
2025-07-14 17:27:52;318;16;11.5;-1
2025-07-14 17:27:57;319;7;11.5;-1
2025-07-14 17:28:02;321;18;11.5;-1
2025-07-14 17:28:08;320;17;11.5;-1
2025-07-14 17:28:13;315;13;11.5;-1
2025-07-14 17:28:18;320;18;11.5;-1
2025-07-14 17:28:23;321;20;11.5;-1
2025-07-14 17:28:28;318;15;11.5;-1
2025-07-14 17:28:33;318;16;11.5;-1
2025-07-14 17:28:39;319;16;11.5;-1
2025-07-14 17:28:44;316;15;11.5;-1
2025-07-14 17:28:49;319;17;11.5;-1
2025-07-14 17:28:54;315;12;11.5;-1
2025-07-14 17:28:59;321;12;11.5;-1
2025-07-14 17:29:04;316;17;11.5;-1
2025-07-14 17:29:10;310;9;11.5;-1
2025-07-14 17:29:15;316;14;11.5;-1
2025-07-14 17:29:20;315;13;11.5;-1
2025-07-14 17:29:30;312;10;11.5;-1
2025-07-14 17:29:35;319;15;11.5;-1
2025-07-14 17:29:40;326;24;11.5;-1
2025-07-14 17:29:46;324;22;11.5;-1
2025-07-14 17:29:51;318;14;11.5;-1
2025-07-14 17:29:56;322;20;11.5;-1
2025-07-14 17:30:02;319;18;11.5;-1
2025-07-14 17:30:07;319;15;11.5;-1
2025-07-14 17:30:12;320;18;11.5;-1
2025-07-14 17:30:17;315;11;11.5;-1
2025-07-14 17:30:22;320;13;11.5;-1
2025-07-14 17:30:27;321;19;11.5;-1
2025-07-14 17:30:33;323;21;11.5;-1
2025-07-14 17:30:38;324;21;11.5;-1
2025-07-14 17:30:43;321;20;11.5;-1
2025-07-14 17:30:48;316;15;11.5;-1
2025-07-14 17:30:53;313;11;11.5;-1
2025-07-14 17:30:58;321;21;11.5;-1
2025-07-14 17:31:03;321;22;11.5;-1
2025-07-14 17:31:09;320;19;11.5;-1
2025-07-14 17:31:14;322;20;11.5;-1
2025-07-14 17:31:19;322;21;11.5;-1
2025-07-14 17:31:24;323;20;11.5;-1
2025-07-14 17:31:29;324;23;11.5;-1
2025-07-14 17:31:34;323;23;11.5;-1
2025-07-14 17:31:40;322;20;11.5;-1
2025-07-14 17:31:45;315;15;11.5;-1
2025-07-14 17:31:50;322;22;11.5;-1
2025-07-14 17:31:55;321;23;11.5;-1
2025-07-14 17:32:00;322;22;11.5;-1
2025-07-14 17:32:05;321;18;11.5;-1
2025-07-14 17:32:10;322;22;11.5;-1
2025-07-14 17:32:16;322;21;11.5;-1
2025-07-14 17:32:21;316;12;11.5;-1
2025-07-14 17:32:26;318;15;11.5;-1
2025-07-14 17:32:31;321;20;11.5;-1
2025-07-14 17:32:37;316;17;11.5;-1
2025-07-14 17:32:42;318;17;11.5;-1
2025-07-14 17:32:47;321;22;11.5;-1
2025-07-14 17:32:52;316;-19;12.5;-1
2025-07-14 17:32:57;317;19;12.5;-1
2025-07-14 17:33:03;323;21;12.5;-1
2025-07-14 17:33:08;321;23;12.5;-1
2025-07-14 17:33:13;314;15;12.5;-1
2025-07-14 17:33:18;319;20;12.5;-1
2025-07-14 17:33:28;322;21;12.5;-1
2025-07-14 17:33:33;325;26;12.5;-1
2025-07-14 17:33:39;321;21;12.5;-1
2025-07-14 17:33:44;313;15;12.5;-1
2025-07-14 17:33:49;320;22;12.5;-1
2025-07-14 17:33:54;323;24;12.5;-1
2025-07-14 17:33:59;318;18;12.5;-1
2025-07-14 17:34:04;319;20;12.5;-1
2025-07-14 17:34:10;313;15;12.5;-1
2025-07-14 17:34:15;322;24;12.5;-1
2025-07-14 17:34:20;321;22;12.5;-1
2025-07-14 17:34:25;321;24;12.5;-1
2025-07-14 17:34:30;321;22;12.5;-1
2025-07-14 17:34:35;320;22;12.5;-1
2025-07-14 17:34:40;321;23;12.5;-1
2025-07-14 17:34:46;320;23;12.5;-1
2025-07-14 17:34:51;320;12;12.5;-1
2025-07-14 17:34:56;319;23;12.5;-1
2025-07-14 17:35:01;318;21;12.5;-1
2025-07-14 17:35:06;317;17;12.5;-1
2025-07-14 17:35:11;323;23;12.5;-1
2025-07-14 17:35:17;317;9;12.5;-1
2025-07-14 17:35:22;320;19;12.5;-1
2025-07-14 17:35:27;314;16;12.5;-1
2025-07-14 17:35:32;318;20;12.5;-1
2025-07-14 17:35:37;318;21;12.5;-1
2025-07-14 17:35:42;316;18;12.5;-1
2025-07-14 17:35:48;316;8;12.5;-1
2025-07-14 17:35:53;320;21;12.5;-1
2025-07-14 17:35:58;319;23;12.5;-1
2025-07-14 17:36:03;326;27;12.5;-1
2025-07-14 17:36:08;321;21;12.5;-1
2025-07-14 17:36:13;322;24;12.5;-1
2025-07-14 17:36:18;323;25;12.5;-1
2025-07-14 17:36:24;319;21;12.5;-1
2025-07-14 17:36:29;321;22;12.5;-1
2025-07-14 17:36:34;316;20;12.5;-1
2025-07-14 17:36:39;322;26;12.5;-1
2025-07-14 17:36:44;320;23;12.5;-1
2025-07-14 17:36:49;318;22;12.5;-1
2025-07-14 17:36:55;317;20;12.5;-1
2025-07-14 17:37:00;318;19;12.5;-1
2025-07-14 17:37:05;325;29;12.5;-1
2025-07-14 17:37:10;321;25;12.5;-1
2025-07-14 17:37:15;317;1;12.5;-1
2025-07-14 17:37:20;317;0;12.5;-1
2025-07-14 17:37:25;317;20;12.5;-1
2025-07-14 17:37:31;322;28;12.5;-1
2025-07-14 17:37:36;319;21;12.5;-1
2025-07-14 17:37:41;320;15;12.5;-1
2025-07-14 17:37:46;318;22;12.5;-1
2025-07-14 17:37:51;321;25;12.5;-1
2025-07-14 17:37:57;323;28;12.5;-1
2025-07-14 17:38:02;319;22;12.5;-1
2025-07-14 17:38:07;320;22;12.5;-1
2025-07-14 17:38:12;323;23;12.5;-1
2025-07-14 17:38:17;315;19;12.5;-1
2025-07-14 17:38:23;317;16;12.5;-1
2025-07-14 17:38:28;318;20;12.5;-1
2025-07-14 17:38:33;323;27;12.5;-1
2025-07-14 17:38:38;319;23;12.5;-1
2025-07-14 17:38:43;317;20;12.5;-1
2025-07-14 17:38:48;317;21;12.5;-1
2025-07-14 17:38:54;318;23;12.5;-1
2025-07-14 17:38:59;324;27;12.5;-1
2025-07-14 17:39:04;317;19;12.5;-1
2025-07-14 17:39:09;317;20;12.5;-1
2025-07-14 17:39:14;322;23;12.5;-1
2025-07-14 17:39:19;317;19;12.5;-1
2025-07-14 17:39:25;315;18;12.5;-1
2025-07-14 17:39:30;318;21;12.5;-1
2025-07-14 17:39:35;317;22;12.5;-1
2025-07-14 17:39:40;318;21;12.5;-1
2025-07-14 17:39:45;318;-113;17.5;5
2025-07-14 17:39:51;381;-52;19.5;5
2025-07-14 17:39:56;471;151;14.5;5
2025-07-14 17:40:01;514;194;9.5;5
2025-07-14 17:40:06;378;54;9.0;-1
2025-07-14 17:40:12;373;43;8.5;-1
2025-07-14 17:40:17;273;-61;10.5;5
2025-07-14 17:40:22;231;-87;12.5;5
2025-07-14 17:40:28;263;-53;14.5;5
2025-07-14 17:40:33;349;33;14.0;-1
2025-07-14 17:40:38;375;57;13.5;-1
2025-07-14 17:40:43;376;79;12.5;5
2025-07-14 17:40:49;375;72;11.5;5
2025-07-14 17:40:54;322;25;11.5;-1
2025-07-14 17:40:59;323;27;11.5;-1
2025-07-14 17:41:04;321;21;11.5;-1
2025-07-14 17:41:10;318;-2;12.5;-1
2025-07-14 17:41:15;314;9;12.5;-1
2025-07-14 17:41:20;320;20;12.5;-1
2025-07-14 17:41:25;317;15;12.5;-1
2025-07-14 17:41:30;320;19;12.5;-1
2025-07-14 17:41:35;319;18;12.5;-1
2025-07-14 17:41:41;320;18;12.5;-1
2025-07-14 17:41:46;319;18;12.5;-1
2025-07-14 17:41:56;322;23;12.5;-1
2025-07-14 17:42:01;319;22;12.5;-1
2025-07-14 17:42:06;317;19;12.5;-1
2025-07-14 17:42:12;321;23;12.5;-1
2025-07-14 17:42:17;322;-799;32.5;5
2025-07-14 17:42:22;438;136;27.5;5
2025-07-14 17:42:27;748;452;17.5;5
2025-07-14 17:42:33;695;399;7.5;5
2025-07-14 17:42:38;499;202;2.5;5
2025-07-14 17:42:43;404;106;1.5;5
2025-07-14 17:42:48;140;-154;6.5;5
2025-07-14 17:42:54;98;-196;11.5;5
2025-07-14 17:42:59;120;-182;16.5;5
2025-07-14 17:43:04;235;-70;18.5;5
2025-07-14 17:43:10;466;165;13.5;5
2025-07-14 17:43:15;516;221;8.5;5
2025-07-14 17:43:20;372;78;7.5;5
2025-07-14 17:43:26;286;-8;8.5;-1
2025-07-14 17:43:31;218;-76;10.5;5
2025-07-14 17:43:36;238;-56;12.5;5
2025-07-14 17:43:41;264;-30;13.5;-1
2025-07-14 17:43:47;376;57;13.0;-1
2025-07-14 17:43:52;352;33;12.5;-1
2025-07-14 17:43:57;339;45;12.0;-1
2025-07-14 17:44:03;322;26;12.0;-1
2025-07-14 17:44:08;315;21;12.0;-1
2025-07-14 17:44:13;313;17;12.0;-1
2025-07-14 17:44:18;323;27;12.0;-1
2025-07-14 17:44:23;316;23;12.0;-1
2025-07-14 17:44:28;317;23;12.0;-1
2025-07-14 17:44:34;320;20;12.0;-1
2025-07-14 17:44:39;320;26;12.0;-1
2025-07-14 17:44:44;322;27;12.0;-1
2025-07-14 17:44:49;319;25;12.0;-1
2025-07-14 17:44:54;316;22;12.0;-1
2025-07-14 17:44:59;319;25;12.0;-1
2025-07-14 17:45:10;320;26;12.0;-1
2025-07-14 17:45:15;320;23;12.0;-1
2025-07-14 17:45:20;320;24;12.0;-1
2025-07-14 17:45:25;321;25;12.0;-1
2025-07-14 17:45:30;318;22;12.0;-1
2025-07-14 17:45:35;320;24;12.0;-1
2025-07-14 17:45:41;320;26;12.0;-1
2025-07-14 17:45:46;322;28;12.0;-1
2025-07-14 17:45:51;319;25;12.0;-1
2025-07-14 17:45:56;321;25;12.0;-1
2025-07-14 17:46:01;322;26;12.0;-1
2025-07-14 17:46:06;317;18;12.0;-1
2025-07-14 17:46:11;320;23;12.0;-1
2025-07-14 17:46:17;320;22;12.0;-1
2025-07-14 17:46:22;318;14;12.0;-1
2025-07-14 17:46:27;319;24;12.0;-1
2025-07-14 17:46:32;314;17;12.0;-1
2025-07-14 17:46:37;316;19;12.0;-1
2025-07-14 17:46:42;319;24;12.0;-1
2025-07-14 17:46:48;319;22;12.0;-1
2025-07-14 17:46:53;322;25;12.0;-1
2025-07-14 17:46:58;319;23;12.0;-1
2025-07-14 17:47:03;320;22;12.0;-1
2025-07-14 17:47:08;323;26;12.0;-1
2025-07-14 17:47:14;316;19;12.0;-1
2025-07-14 17:47:19;317;21;12.0;-1
2025-07-14 17:47:29;316;20;12.0;-1
2025-07-14 17:47:34;313;18;12.0;-1
2025-07-14 17:47:39;320;25;12.0;-1
2025-07-14 17:47:45;312;15;12.0;-1
2025-07-14 17:47:50;320;24;12.0;-1
2025-07-14 17:47:55;318;23;12.0;-1
2025-07-14 17:48:00;314;21;12.0;-1
2025-07-14 17:48:05;321;25;12.0;-1
2025-07-14 17:48:10;319;26;12.0;-1
2025-07-14 17:48:15;318;25;12.0;-1
2025-07-14 17:48:21;317;23;12.0;-1
2025-07-14 17:48:26;321;25;12.0;-1
2025-07-14 17:48:31;313;18;12.0;-1
2025-07-14 17:48:36;319;24;12.0;-1
2025-07-14 17:48:41;324;27;12.0;-1
2025-07-14 17:48:46;322;26;12.0;-1
2025-07-14 17:48:52;320;24;12.0;-1
2025-07-14 17:48:57;322;26;12.0;-1
2025-07-14 17:49:02;319;24;12.0;-1
2025-07-14 17:49:07;318;21;12.0;-1
2025-07-14 17:49:12;320;23;12.0;-1
2025-07-14 17:49:17;318;22;12.0;-1
2025-07-14 17:49:22;318;21;12.0;-1
2025-07-14 17:49:28;317;22;12.0;-1
2025-07-14 17:49:33;315;21;12.0;-1
2025-07-14 17:49:38;324;29;12.0;-1
2025-07-14 17:49:43;316;23;12.0;-1
2025-07-14 17:49:48;322;27;12.0;-1
2025-07-14 17:49:53;321;120;11.0;5
2025-07-14 17:49:59;313;115;10.0;5
2025-07-14 17:50:04;292;88;9.0;5
2025-07-14 17:50:09;260;61;8.0;5
2025-07-14 17:50:15;260;63;7.0;5
2025-07-14 17:50:20;204;4;7.0;-1
2025-07-14 17:50:25;203;4;7.0;-1
2025-07-14 17:50:30;204;5;7.0;-1
2025-07-14 17:50:35;203;6;7.0;-1
2025-07-14 17:50:41;203;5;7.0;-1
2025-07-14 17:50:46;207;10;7.0;-1
2025-07-14 17:50:51;203;5;7.0;-1
2025-07-14 17:50:56;202;2;7.0;-1
2025-07-14 17:51:01;204;6;7.0;-1
2025-07-14 17:51:17;203;4;7.0;-1
2025-07-14 17:51:22;206;-1;8.0;-1
2025-07-14 17:51:27;205;7;8.0;-1
2025-07-14 17:51:32;202;7;8.0;-1
2025-07-14 17:51:37;198;0;8.0;-1
2025-07-14 17:51:43;200;3;8.0;-1
2025-07-14 17:51:48;206;9;8.0;-1
2025-07-14 17:51:53;203;5;8.0;-1
2025-07-14 17:51:58;205;7;8.0;-1
2025-07-14 17:52:03;202;-15;9.0;-1
2025-07-14 17:52:09;233;14;9.0;-1
2025-07-14 17:52:14;229;11;9.0;-1
2025-07-14 17:52:19;229;10;9.0;-1
2025-07-14 17:52:24;234;16;9.0;-1
2025-07-14 17:52:35;229;33;8.5;-1
2025-07-14 17:52:40;232;36;8.0;-1
2025-07-14 17:52:45;231;36;7.5;-1
2025-07-14 17:52:50;193;-7;8.5;-1
2025-07-14 17:52:56;233;34;8.0;-1
2025-07-14 17:53:01;217;17;8.0;-1
2025-07-14 17:53:06;203;3;8.0;-1
2025-07-14 17:53:11;201;3;8.0;-1
2025-07-14 17:53:16;214;3;8.0;-1
2025-07-14 17:53:22;204;5;8.0;-1
2025-07-14 17:53:27;200;4;8.0;-1
2025-07-14 17:53:32;203;5;8.0;-1
2025-07-14 17:53:37;204;6;8.0;-1
2025-07-14 17:53:42;203;4;8.0;-1
2025-07-14 17:53:47;204;4;8.0;-1
2025-07-14 17:53:53;202;3;8.0;-1
2025-07-14 17:53:58;203;4;8.0;-1
2025-07-14 17:54:03;205;6;8.0;-1
2025-07-14 17:54:09;200;1;8.0;-1
2025-07-14 17:54:14;203;5;8.0;-1
2025-07-14 17:54:19;203;6;8.0;-1
2025-07-14 17:54:24;205;6;8.0;-1
2025-07-14 17:54:29;203;4;8.0;-1
2025-07-14 17:54:34;198;1;8.0;-1
2025-07-14 17:54:40;199;1;8.0;-1
2025-07-14 17:54:45;197;-2;9.0;-1
2025-07-14 17:54:50;223;21;9.0;-1
2025-07-14 17:54:55;231;34;8.5;-1
2025-07-14 17:55:00;231;33;8.0;-1
2025-07-14 17:55:06;232;33;7.5;-1
2025-07-14 17:55:11;202;5;7.5;-1
2025-07-14 17:55:16;205;6;7.5;-1
2025-07-14 17:55:21;204;-29;8.5;-1
2025-07-14 17:55:27;211;-21;9.5;-1
2025-07-14 17:55:32;229;18;9.5;-1
2025-07-14 17:55:37;236;-780;29.5;5
2025-07-14 17:55:42;231;21;29.5;-1
2025-07-14 17:55:47;236;25;29.5;-1
2025-07-14 17:55:53;230;14;29.5;-1
2025-07-14 17:55:58;516;294;19.5;5
2025-07-14 17:56:03;575;364;9.5;5
2025-07-14 17:56:09;461;299;1.0;5
2025-07-14 17:56:14;248;88;1.0;5
2025-07-14 17:56:19;102;-58;3.0;5
2025-07-14 17:56:25;70;-91;5.0;5
2025-07-14 17:56:30;91;-67;7.0;5
2025-07-14 17:56:35;112;-47;9.0;5
2025-07-14 17:56:40;157;15;9.0;-1
2025-07-14 17:56:46;233;95;8.0;5
2025-07-14 17:56:51;210;68;7.0;5
2025-07-14 17:56:56;197;57;6.5;-1
2025-07-14 17:57:01;174;34;6.0;-1
2025-07-14 17:57:07;149;9;6.0;-1
2025-07-14 17:57:12;150;11;6.0;-1
2025-07-14 17:57:17;148;4;6.0;-1
2025-07-14 17:57:22;148;-11;7.0;-1
2025-07-14 17:57:28;158;5;7.0;-1
2025-07-14 17:57:33;176;11;7.0;-1
2025-07-14 17:57:38;174;11;7.0;-1
2025-07-14 17:57:44;175;11;7.0;-1
2025-07-14 17:57:49;178;16;7.0;-1
2025-07-14 17:57:54;174;-31;9.0;5
2025-07-14 17:57:59;207;20;9.0;-1
2025-07-14 17:58:04;232;27;9.0;-1
2025-07-14 17:58:09;232;32;8.5;-1
2025-07-14 17:58:15;234;31;8.0;-1
2025-07-14 17:58:20;223;18;8.0;-1
2025-07-14 17:58:25;203;10;8.0;-1
2025-07-14 17:58:30;201;7;8.0;-1
2025-07-14 17:58:36;200;8;8.0;-1
2025-07-14 17:58:41;206;13;8.0;-1
2025-07-14 17:58:46;200;3;8.0;-1
2025-07-14 17:58:51;209;14;8.0;-1
2025-07-14 17:58:56;204;1;8.0;-1
2025-07-14 17:59:01;203;0;8.0;-1
2025-07-14 17:59:06;204;-12;9.0;-1
2025-07-14 17:59:12;232;7;9.0;-1
2025-07-14 17:59:17;233;-14;10.0;-1
2025-07-14 17:59:22;251;18;10.0;-1
2025-07-14 17:59:27;263;25;10.0;-1
2025-07-14 17:59:33;265;10;10.0;-1
2025-07-14 17:59:38;264;34;9.5;-1
2025-07-14 17:59:43;247;15;9.5;-1
2025-07-14 17:59:48;234;-17;10.5;-1
2025-07-14 17:59:53;253;23;10.5;-1
2025-07-14 17:59:59;263;38;10.0;-1
2025-07-14 18:00:04;264;70;9.0;5
2025-07-14 18:00:09;262;65;8.0;5
2025-07-14 18:00:14;258;-4;9.0;-1
2025-07-14 18:00:20;208;-35;11.0;5
2025-07-14 18:00:25;275;45;10.5;-1
2025-07-14 18:00:30;290;59;10.0;-1
2025-07-14 18:00:36;259;27;10.0;-1
2025-07-14 18:00:41;269;34;9.5;-1
2025-07-14 18:00:46;263;33;9.0;-1
2025-07-14 18:00:51;238;9;9.0;-1
2025-07-14 18:00:56;234;22;9.0;-1
2025-07-14 18:01:02;228;34;8.5;-1
2025-07-14 18:01:07;236;41;8.0;-1
2025-07-14 18:01:12;232;18;8.0;-1
2025-07-14 18:01:17;203;9;8.0;-1
2025-07-14 18:01:23;206;12;8.0;-1
2025-07-14 18:01:28;206;11;8.0;-1
2025-07-14 18:01:33;203;10;8.0;-1
2025-07-14 18:01:38;204;8;8.0;-1
2025-07-14 18:01:43;207;7;8.0;-1
2025-07-14 18:01:48;208;2;8.0;-1
2025-07-14 18:01:53;206;11;8.0;-1
2025-07-14 18:01:59;206;-8;9.0;-1
2025-07-14 18:02:04;228;27;9.0;-1
2025-07-14 18:02:09;234;16;9.0;-1
2025-07-14 18:02:14;235;6;9.0;-1
2025-07-14 18:02:19;234;42;8.5;-1
2025-07-14 18:02:25;233;38;8.0;-1
2025-07-14 18:02:30;237;45;7.5;-1
2025-07-14 18:02:35;204;9;7.5;-1
2025-07-14 18:02:40;203;8;7.5;-1
2025-07-14 18:02:51;204;9;7.5;-1
2025-07-14 18:02:56;210;14;7.5;-1
2025-07-14 18:03:01;203;-4;8.5;-1
2025-07-14 18:03:06;228;34;8.0;-1
2025-07-14 18:03:12;204;-20;9.0;-1
2025-07-14 18:03:17;206;12;9.0;-1
2025-07-14 18:03:22;234;37;8.5;-1
2025-07-14 18:03:27;224;28;8.5;-1
2025-07-14 18:03:33;237;42;8.0;-1
2025-07-14 18:03:38;204;8;8.0;-1
2025-07-14 18:03:43;198;12;8.0;-1
